<<<<<<< HEAD
-- DROP TABLE Team;

CREATE TABLE Team (
    TeamID varchar(3),
    Name varchar(255),
    Subname varchar(255),
    Ranking int
);

INSERT INTO Team
VALUES ('T01', 'asd', 'Nd', 123456),
       ('T02', 'ga', 'gg', 111),
       ('T03', 'ytu', 'rr', 222);
=======
-- DROP TABLE Player;
-- DROP TABLE Team;
-- DROP TABLE Hero;
-- Drop TABLE HeroStat;
-- DROP TABLE Continent;
-- DROP TABLE Continentteam;
-- DROP TABLE Continentplayer;
-- DROP TABLE TeamMember;

CREATE TABLE Player(
    PlayerID int,
    FirstName varchar(255),
    LastName varchar(255),
    MMR int,
    Nation varchar(255)
);

CREATE TABLE Team (
    TeamID int,
    TeamName varchar(255),
    TeamsubName varchar(255),
    Rating int,
    Nation varchar(255)
);

CREATE TABLE Hero(
    HeroID int,
    HeroName varchar(255),
    HeroType varchar(255)
);

CREATE TABLE HeroStat(
    HeroID int,
    HeroName varchar(255),
    Winratepercent int,
    PercentPick int,
    PercentContest int,
    PercentBanned int,
    PercentFirstPick int,
    PercentFirstBanned int
);

CREATE TABLE Continent(
  IDContinent int,
  ContinentName varchar(255)
);

CREATE TABLE Continentteam(
  IDContinent int,
  IDTeam int
);

CREATE TABLE Continentplayer(
  IDContinent int,
  IDPlayer int
);

CREATE TABLE TeamMember(
  IDTeam int,
  IDPlayer int
);


INSERT INTO Player (PlayerID,FirstName,LastName,MMR,Nation)
VALUES
(1,'Marc Polo Luis Fausto','Raven',7884,'Philippines'),
(2,'Carlo Palad','Kuku',7845,'Philippines'),
(3,'SamsonSolomon EnojosaHidalgo','Sam_H',7629,'Philippines'),
(4,'Timothy Randrup','Tims',7843,'Philippines'),
(5,'Timothy Randrup','ryOyr',6869,'Philippines'),
(6,'Dominik Reitmeier','Black^',8090,'Germany'),
(7,'Anucha Jirawong','Jabz',8617,'Thailand'),
(8,'Daryl Koh Pei Xiang','iceiceice',8051,'Singapore'),
(9,'Toh Wai Hong','xy-',7007,'Singapore'),
(10,'Wong Jeng Yih','Nutz',5505,'Singapore'),
(11,'Lai Jay Son','Ahjit',7650,'Malaysia'),
(12,'Kam Boon Seng','NaNa',8139,'Malaysia'),
(13,'Chua Soon Khong','KaNG',7235,'Malaysia'),
(14,'Tue Soon Chuan','Ahfu',7050,'Malaysia'),
(15,'Yap Jian Wei','xNova-',7061,'Malaysia'),
(16,'Khim Villafuerte','Gabbi',7425,'Philippines'),
(17,'Armel Paul Tabios','Armel',7915,'Philippines'),
(18,'Rafael Sicat Palo','Rapy',7215,'Philippines'),
(19,'Marvin Rushton','Boombacs',6849,'Philippines'),
(20,'Kenneth Coloma','Flysolo',7268,'Philippines'),
(21,'Lee Kong Yang','kYxY',7506,'Malaysia'),
(22,'Chai Yee Fung','Mushi',7661,'Malaysia'),
(23,'Ryan Jay Qui','Bimbo',6976,'Philippines'),
(24,'Nico Barcelon','eyyou',6530,'Philippines'),
(25,'Michael Ross Jr.','ninjaboogie',7115,'Malaysia'),
(26,'Galvin Kang Jian Wen','Meracle',7371,'Singapore'),
(27,'Kim Seon-yeop','QO',8630,'South Korea'),
(28,'Chong Xin Khoo','Ohaiyo',7855,'Malaysia'),
(29,'Djardel Jicko B. Mampusti','DJ',6899,'Philippines'),
(30,'Kim Yong-min','Febby',7244,'South Korea'),
(31,'Bruce Ervandi','ilLogic',6109,'Indonesia'),
(32,'Ramzi Bayhaki','Ramz',7165,'Indonesia'),
(33,'Adit Rosenda','Aville',7426,'Indonesia'),
(34,'Indra Utama','Vlaicu',6540,'Indonesia'),
(35,'Chang Tu Hai','2hoi',6430,'Indonesia'),
(36,'Fernando Mendoza','Nando',7234,'Philippines'),
(37,'Mark Redira','Shanks',6825,'Philippines'),
(38,'Earlwin Libre','Ewe',7140,'Philippines'),
(39,'Abeng Dicdican','Abeng',6199,'Philippines'),
(40,'Kimuel Rodis','Kim0',6452,'Philippines'),
(41,'Byron Young Meng Keen','Syeonix',7242,'Malaysia'),
(42,'John Linuel Abanto','Teehee',7869,'Philippines'),
(43,'Kim Tae-sung','Velo',8261,'Australia'),
(44,'Roger Tan','Roddgeee',7591,'Malaysia'),
(45,'Wai Pern Lim','Net',7025,'Malaysia'),
(46,'Julius De Leon','Julz',7244,'Philippines'),
(47,'Benhur Lawis','Benhur',7985,'Philippines'),
(48,'Jayjay Garan','Yaj',7797,'Philippines'),
(49,'Jessie Cristy Cuyco','JessieVash',6314,'Philippines'),
(50,'Ralph Richard Penano','RR',8002,'Philippines'),
(51,'Johan Sundstein','N0tail',7602,'Denmark'),
(52,'Anathan Pham','ana',9144,'Australia'),
(53,'Gustav Magnusson','s4',8734,'Sweden'),
(54,'Jesse Vainikka','JerAx',7315,'Finland'),
(55,'Tal Aizik','Fly',7828,'Israel'),
(56,'Roman Kushnarev','Ramez666',9095,'Russia'),
(57,'Vladimir Minenko','No[o]ne',8653,'Ukraine'),
(58,'Pavel Khvastunov','9pasha',7675,'Russia'),
(59,'Ilya Ilyuk','Lil',7578,'Russia'),
(60,'Alexei Berezin','Solo',6540,'Russia'),
(61,'Lasse Urpalainen','MATUMBAMAN',8871,'Finland'),
(62,'Amer Al-Barkawi','Miracle--',9248,'Jordan'),
(63,'Ivan Borislavov','Mind_Control',8609,'Bulgaria'),
(64,'Maroun Merhej','GH',8966,'Lebanon'),
(65,'Kuro Salehi Takhasomi','Kuroky',8975,'Germany'),
(66,'Johan Astrom','Pieliedie',8338,'Sweden'),
(67,'Pyo No-a','MP',8614,'South Korea'),
(68,'Yeik Nai Zheng','MidOne',9053,'Malaysia'),
(69,'Maurice Gutmann','Khezu',7795,'Germany'),
(70,'Clement Ivanov','Puppey',8859,'Estonia'),
(71,'Vladimir Kuzmenko','Chappie',8170,'Russia'),
(72,'Rostislav Lozovoi','fn',8484,'Russia'),
(73,'Andrey Kadyk','Ghostik',7675,'Ukriane'),
(74,'Yaroslav Naidenov','Miposhka',7974,'Russia'),
(75,'Rinat Abdullin','KingR',7378,'Russia'),
(76,'Jonathan Berg','Loda',6073,'Sweden'),
(77,'Linus Blomdin','Limmp',9078,'Sweden'),
(78,'Jonas Lindholm','jonassomfan',7295,'Sweden'),
(79,'Simon Haag','Handsken',7861,'Sweden'),
(80,'Jerry Lundkvist','EGM',7470,'Sweden'),
(81,'Per Anders Olsson Lille','Pajkatt',8645,'Sweden'),
(82,'Danil Ishutin','Dendi',7978,'Ukraine'),
(83,'Victor Nigrini','GeneRaL',7608,'Ukraine'),
(84,'Roman Paley','rmNz-',7772,'Russia'),
(85,'Malthe Winther','Biver',8442,'Denmark'),
(86,'Feras Hroob','Feero',8110,'Jordan'),
(87,'Adrian Trinks','FATA-',7901,'Germany'),
(88,'Lee Sang-don','Forev',9006,'South Korea'),
(89,'Yazied Jaradat','YapzOr',7524,'Jordan'),
(90,'Adam Erwann Shah bin Akhtar Hussein','343',6825,'Malaysia'),
(91,'Vadim Musorin','Sedoy',7685,'Russia'),
(92,'Andrey Afonin','Afoninje',8162,'Russia'),
(93,'Maxim Abramovskikh','Shachlo',7510,'Russia'),
(94,'Arseniy Usov','ArsZeeqq',7207,'Russia'),
(95,'Vladimir Nikogosyan','RodjER',7316,'Russia'),
(96,'Stanislav Glushan','Bzz',8091,'Russia'),
(97,'Bogdan Vasilenko','Iceberg',7271,'Ukriane'),
(98,'Alexander Kucheria','DkPhobos',7025,'Ukriane'),
(99,'Artsiom Barshak','fng',7895,'Belarus'),
(100,'Ivan Skorokhod','VANSKOR',7838,'Russia'),
(101,'Artour Babaev','Arteezy',8584,'Canada'),
(102,'Sumail Hassan','SumaiL',7141,'Parkistan'),
(103,'Saahil Arora','UNiVeRse',7951,'United tate'),
(104,'Ludwig Wahlberg','zai',7952,'Sweden'),
(105,'Andreas Nielsen','Cr1t',8105,'Denmark'),
(106,'Roman Fominok','Resolut1on',8404,'Ukraine'),
(107,'Aliwi Omar','W33',7824,'Syria'),
(108,'David Tan','Moonmeander',7791,'Canada'),
(109,'Rasmus Filipsen','Misery',6823,'Denmark'),
(110,'Martin Sazdov','Saksa',8632,'Macedonia'),
(111,'Jacky Mao','EternalEnvy',8404,'Canada'),
(112,'Arif Anwar','MSS',8123,'United State'),
(113,'Kurtis Ling','AUI_2000',8025,'Canada'),
(114,'David Hull','Moo',8451,'United State'),
(115,'Eric Dong','747',9019,'United State'),
(116,'Jaron Clinton','monkeys-forever',7471,'United State'),
(117,'Zakari Freedman','Zfreek',6000,'United State'),
(118,'Kyle Freedman','melonzz',7266,'United State'),
(119,'Mason Venne','mason',7283,'United States'),
(120,'Abed Azel L. Yusop','Abed',9011,'Philippines'),
(121,'Kanishka Sosale','BuLba',7808,'United States'),
(122,'Jimmy Ho','DeMoN',6483,'United States'),
(123,'Kim Doo-young','DuBu',7937,'South Korea'),
(124,'William Medeiros','hFn',7915,'Brazil'),
(125,'Adriano Machado','4dr',7623,'Brazil'),
(126,'Otavio Gabriel','Tavo',7363,'Brazil'),
(127,'Danylo Nascimento','KINGRD',7351,'Brazil'),
(128,'Emilano Ito','c4t',5530,'Brazil'),
(129,'Marcus Hoelgaard','Ace',7998,'Denmark'),
(130,'Jon Andersen','13abyKnight',7732,'Denmark'),
(131,'Mikki Morch Junget','HeStEJoE-RoTTeN',8111,'Denmark'),
(132,'Danny Morch Junget','NoiA',8545,'Denmark'),
(133,'Christoffer Borregaard Winther','Ryze',7430,'Denmark'),
(134,'Benjamin Lanaos','Benjaz',7650,'Peru'),
(135,'Enzo Gianoli','Timado',6946,'Peru'),
(136,'Jose Andree Nicosia','Sword',7446,'Peru'),
(137,'Farith Puente','Matthew',6954,'Peru'),
(138,'Christian Cruz','Accel',6842,'Peru'),
(139,'Leonardo Sifuentes','LeoStyle-',7361,'Peru'),
(140,'Alonso Lion','Kotaro Hayama',6004,'Peru'),
(141,'Renato Garcia','Kingteka',7616,'Peru'),
(142,'Steven Vargas','StingeR',6780,'Peru'),
(143,'Jair Alex Davila Matallana','Masoku',6440,'Peru'),
(144,'Yawar Hassan','YawaR',7628,'Pakistan'),
(145,'Jingjun Wu','Sneyking',8144,'United State'),
(146,'Ha Quoc Dat','Biryu',7206,'Vietnam'),
(147,'Aaron Kim','Clairvoyance',6998,'United State'),
(148,'Ye Zhibiao','Boboka',7597,'China'),
(149,'Fu Bin','Q',7209,'China'),
(150,'Xu Zhilei','BurNing',8399,'China'),
(151,'Ou Peng','Op',8287,'China'),
(152,'Lin Jing','Xxs',8552,'China'),
(153,'Xu Han','uuu9',8366,'China'),
(154,'Song Chun','Sccc',8671,'China'),
(155,'Damien Chok','kpii',7994,'Australia'),
(156,'Hu Liangzhi','Kaka',8853,'China'),
(157,'Zeng Hongda','Faith',7298,'China'),
(158,'Xu Zichen','Sakata',7493,'China'),
(159,'Yang Xiaodong','InJuly',7906,'China'),
(160,'Su Peng','super.',7394,'China'),
(161,'Gao Tianpeng','Dogf1ghts',8027,'China'),
(162,'Zhang Chengjun','Paparazi',9329,'China'),
(163,'Yang Pu','END',7585,'China'),
(164,'Zeng Jiaoyang','Ori',9025,'China'),
(165,'Zhou Haiyang','Yang',8557,'China'),
(166,'Xu Zhi','Hym',8025,'China'),
(167,'Wong Hock Chuan','ChuaN',6717,'Malaysia'),
(168,'Wang Chunyu','Ame',8315,'China'),
(169,'Lu Yao','Maybe',8389,'China'),
(170,'Ren Yangwei','old eLeVeN',7830,'China'),
(171,'Yao Zhengzheng','Yao',7054,'China'),
(172,'Chen Guanhong','Victoria',8032,'China'),
(173,'Chu Zeyu','shadow',8169,'China'),
(174,'Zhou Yang','bLink',7214,'China'),
(175,'Zhang Ruida','Faith_bian',8219,'China'),
(176,'Zhang Yiping','y`',6708,'China'),
(177,'Li Peng','iceice',7868,'China'),
(178,'Sun Zheng','Agressif',8388,'China'),
(179,'Liu Chang','Freeze',7727,'China'),
(180,'Bai Fan','rOtk',7275,'China'),
(181,'Xu Linsen','fy',8237,'China'),
(182,'Lu Chao','Fenrir',7363,'China'),
(183,'Du Peng','Monet',8390,'China'),
(184,'Xie Junhao','Super',7779,'China'),
(185,'Xiao Zihao','Jixing',7713,'China'),
(186,'Leong Fat-meng','DDC',7591,'Macau'),
(187,'Luo Puchao','Lpc',6706,'China'),
(188,'Su lei','Flyby',7839,'China'),
(189,'He Yongzheng','Inflame',7410,'China'),
(190,'Lin Shiyang','June',7630,'China'),
(191,'Xiao Zuoyi','demons',6936,'China'),
(192,'Xue Zhichuan','September',8155,'China'),
(193,'Jin Zhiyi','zhizhizhi',9204,'China'),
(194,'Zhai Jingkai' ,'zhai',7246,'China'),
(195,'Song Runxi','dark',6482,'China'),
(196,'Jiang An','An',7162,'China'),
(197,'Chen Jingwu','Rong',7748,'China');

INSERT INTO Team (TeamID,TeamName,TeamsubName,Rating,Nation)
VALUES
(1, 'TnC', 'TnC', 1227,'Philippines'),
(2, 'Team Faceless', 'Faceless', 1214,'Singapore'),
(3,'WarriorsGaming.Unity'	,'WG', 1160,	'Malaysia'),
(4,'Clutch Gamers','Clucth',1144,'Philippines'),
(5,'Mineski','Mskni',1113,'Philippines'),
(6,'Fnatic','FnC',1095,'Malaysia'),
(7,'EVOS','EVOS',1081,'Indonesia'),
(8,'Execration','Exec',1079,'Philippines'),
(9,'Geek Fam','Geek',1078,'Malaysia'),
(10,'HappyFeet','HappyFeet',1062,'Philippines'),
(11,'OG','OG',1358,'Europe'),
(12,'Virtus Pro','VP',1326,'Russia'),
(13,'Team Liquid','Liquid',1264,'Europe'),
(14,'Team Secret','Secret',1230,'Europe'),
(15,'Team Empire','Empire',1141,'Russia'),
(16,'Alliance','Alliance',1129,'Sweden'),
(17,'Natus Vincere','Navi',1124,'Ukriane'),
(18,'B)ears','Bear',1099,'Russia'),
(19,'!Rebels!','Rebel',1095,'CIS'),
(20,'Team Spirit','Spirit',1094,'CIS'),
(21,'Evil Geniuses','EG',1317,'United State'),
(22,'Digital Chaos','DC',1257,'United State'),
(23,'Team NP','NP',1210,'North America'),
(24,'compLexity Gaming','compLexity Gaming',1168,'United State'),
(25,'Team Onyx','Onyx',1138,'North America'),
(26,'SG e-sports','SG',1137,'Brazil'),
(27,'Cloud 9','C9',1093,'United State'),
(28,'Infamous','Infamous',1063,'Peru'),
(29,'Not Today','Not Today',1051,'Peru'),
(30,'Doo Wop','Doo Wop',1035,'United State'),
(31,'Invictus Gaming','IG',1327,'China'),
(32,'Newbee','Newbee',1263,'China'),
(33,'iG Vitality','IG.V',1231,'China'),
(34,'Vici Gaming','VG',1215,'China'),
(35,'LGD Gaming','LGD',1192,'China'),
(36,'Wings Gaming','Wing',1142,'China'),
(37,'Vici Gaming J','VG.J',1140,'China'),
(38,'LGD.Forever Young','LGD.fy',1106,'China'),
(39,'CDEC Gaming','CDEC',1072,'China'),
(40,'EHOME.Keen','Ehome.k',1065,'China');

INSERT INTO Hero(HeroID,HeroName,HeroType)
VALUES
(1,'Abanndon','Str'),
(2,'Alchemist','Str'),
(3,'Ancient Apparition','Int'),
(4,'Anti mage','Agi'),
(5,'Arc Warden','Agi'),
(6,'Axe','Str'),
(7,'Bane','Int'),
(8,'Batrider','Int'),
(9,'BeastMaster','Str'),
(10,'Bloodseeker','Agi'),
(11,'Bounty Hunter','Agi'),
(12,'Brewmaster','Str'),
(13,'Bristleback','Str'),
(14,'Broodmother','Agi'),
(15,'Centuar Waruuner','Str'),
(16,'Choas Knight','Str'),
(17,'Chen','Int'),
(18,'Clinkz','Agi'),
(19,'Clockwerk','Str'),
(20,'Crystal Maiden','Int'),
(21,'Dark seer','Int'),
(22,'Dazzle','Int'),
(23,'Death prophet','Int'),
(24,'Distrupter','Int'),
(25,'Doom','Str'),
(26,'Dragon knight','Str'),
(27,'Drowranger','Agi'),
(28,'Earthsprit','Str'),
(29,'Earthsaker','Str'),
(30,'Elder Titan','Str'),
(31,'Ember Spirit','Agi'),
(32,'Enchantress','Int'),
(33,'Enigma','Int'),
(34,'Faceless Void','Agi'),
(35,'Gyrocopter','Agi'),
(36,'Huskar','Str'),
(37,'Invoker','Int'),
(38,'Io','Int'),
(39,'Jakiro','Int'),
(40,'Juggernaut','Agi'),
(41,'Keeper of Light','Int'),
(42,'Kunkka','Str'),
(43,'Legion Commander','Str'),
(44,'Lershrac','Int'),
(45,'Lich','Int'),
(46,'Lifestaler','Str'),
(47,'Lina','Int'),
(48,'Lion','Int'),
(49,'Lone Druid','Agi'),
(50,'Luna','Agi'),
(51,'Lycan','Str'),
(52,'Magnus','Str'),
(53,'Medusa','Agi'),
(54,'Meepo','Str'),
(55,'Mirana','Agi'),
(56,'Monkey King','Agi'),
(57,'Morphing','Agi'),
(58,'Naga Siren','Agi'),
(59,'Nartue Phrophet','Int'),
(60,'Nechrophos','Int'),
(61,'Night Stalker','Str'),
(62,'Nyx Assassin','Agi'),
(63,'Orge Magi','Str'),
(64,'Omiknight','Str'),
(65,'Oracle','Int'),
(66,'Outworld Devourer','Int'),
(67,'Phantom Assassin','Agi'),
(68,'Phantom Lancer','Agi'),
(69,'Phoenix','Str'),
(70,'Puck','Int'),
(71,'Pudge','Str'),
(72,'Pugna','Int'),
(73,'Queen of Pain','Int'),
(74,'Razor','Agi'),
(75,'Riki','Agi'),
(76,'Rubick','Int'),
(77,'Sandking','Str'),
(78,'Shadow Demon','Int'),
(79,'Shadow Fiend','Agi'),
(80,'Shadow Shaman','Int'),
(81,'Silencer','Int'),
(82,'Skywrath Mage','Int'),
(83,'Slardar','Str'),
(84,'Slark','Agi'),
(85,'Sniper','Agi'),
(86,'Spectre','Agi'),
(87,'Spirit Braker','Str'),
(88,'Storm Spirit','Int'),
(89,'Sven','Str'),
(90,'Techies','Int'),
(91,'Templar Assassin','Agi'),
(92,'Terrorblade','Agi'),
(93,'TideHunter','Str'),
(94,'Timbersaw','Str'),
(95,'Tinker','Int'),
(96,'Tiny','Str'),
(97,'Treant Protector','Str'),
(98,'Trollwarlord','Agi'),
(99,'Tusk','Str'),
(100,'Underlord','Str'),
(101,'Undying','Str'),
(102,'Ursa','Agi'),
(103,'Vengeful Spirit','Agi'),
(104,'Venomancer','Agi'),
(105,'Viper','Agi'),
(106,'Visage','Str'),
(107,'Warlock','Int'),
(108,'Weaver','Agi'),
(109,'Windranger','Int'),
(110,'Winter Wyvern','Int'),
(111,'Witch Doctor','Int'),
(112,'Wraith King','Str'),
(113,'Zeus','Int');

INSERT INTO HeroStat (HeroID,HeroName,Winratepercent,PercentPick,PercentContest,PercentBanned,PercentFirstPick,PercentFirstBanned)
VALUES
(1,'Abandon',52,3,12,30,1,5),
(2,'Alchemist',50,11,37,26,0,10),
(3,'Ancient Apparition',51,4,9,5,0,0),
(4,'Anti-Mage',47,5,9,4,0,0),
(5,'Arc Warden',54,0,1,1,0,0),
(6,'Axe',49,5,30,13,1,4),
(7,'Bane',53,5,6,1,0,0),
(8,'Batrider',50,12,51,28,4,16),
(9,'BeastMaster',53,14,36,22,5,18),
(10,'Bloodseeker',51,1,1,1,0,0),
(11,'Bounty Hunter',55,10,30,20,2,15),
(12,'Brewmaster',45,1,2,1,0,0),
(13,'Bristleback',45,3,3,1,0,0),
(14,'Brood Mother',53,2,7,5,0,0),
(15,'Centuar Warruner',55,10,18,8,3,5),
(16,'Chaos Knight',48,2,3,1,0,0),
(17,'Chen',56,3,7,4,0,1),
(18,'Clinkz',51,4,6,3,0,0),
(19,'Clockwerk',49,7,10,3,0,1),
(20,'Crystal Maiden',59,10,12,2,1,0),
(21,'Dark Seer',48,22,51,29,3,15),
(22,'Dazzle',50,15,22,7,1,1),
(23,'Death Prophet',50,7,18,12,0,1),
(24,'Disruptor',49,23,13,10,1,1),
(25,'Doom',48,9,19,10,4,8),
(26,'Dragon Knight',51,9,16,7,0,0),
(27,'Drow Ranger',53,12,38,26,3,17),
(28,'Earth Spirit',51,23,44,21,5,0),
(29,'Earthshaker',41,3,4,0,0,14),
(30,'Elder titan',53,5,25,13,3,10),
(31,'Ember Spirit',48,12,12,12,0,2),
(32,'Enchantress',45,5,12,7,1,5),
(33,'Enigma',57,3,6,2,0,1),
(34,'Faceless Void',50,17,38,20,3,11),
(35,'Gyrocopter',48,4,7,3,0,0),
(36,'Huskar',52,3,12,9,0,0),
(37,'Invoker',49,21,44,22,0,3),
(38,'Io',53,2,37,25,4,22),
(39,'Jakiro',46,4,5,1,0,0),
(40,'Juggernaut',50,31,56,26,1,3),
(41,'Keeper of the Light',49,10,19,9,1,5),
(42,'Kunkka',51,11,19,8,1,4),
(43,'Legion Commander',47,8,13,5,0,1),
(44,'Lershac',53,3,0,1,0,1),
(45,'Lich',44,3,6,2,0,1),
(46,'Lifestealer',52,24,54,30,2,11),
(47,'Lina',53,12,7,2,0,1),
(48,'Lion',48,16,21,5,1,1),
(49,'Lone Druid',51,7,27,14,2,10),
(50,'Luna',54,12,12,11,1,3),
(51,'Lycan',50,3,7,4,0,1),
(52,'Magnus',51,6,17,11,1,8),
(53,'Medusa',49,5,9,5,0,0),
(54,'Meepo',56,8,14,12,0,7),
(55,'Mirana',52,18,29,29,2,5),
(56,'Monkey King',49,3,10,5,2,5),
(57,'Morphling',49,9,18,9,0,0),
(58,'Naga Siren',54,5,17,12,0,5),
(59,'Nature Prophet',46,4,7,3,0,2),
(60,'Necrophos',51,1,2,1,0,0),
(61,'Night Stalker',42,6,11,6,0,3),
(62,'Nyx Assassin',52,13,27,1,1,6),
(63,'Ogre Magi',51,9,29,10,4,5),
(64,'Omniknight',49,1,0,5,0,2),
(65,'Oracle',46,16,30,13,2,5),
(66,'Outworld Devourer',52,12,33,22,1,8),
(67,'Phantom Assassin',51,5,8,3,0,0),
(68,'Phantom Lancer',41,2,4,2,0,0),
(69,'Phoenix',47,9,15,6,1,4),
(70,'Puck',48,11,22,11,0,0),
(71,'Pudge',47,5,7,2,0,1),
(72,'Pugna',50,1,2,1,0,0),
(73,'Queen of Pain',48,7,12,5,0,0),
(74,'Razor',42,4,8,4,0,0),
(75,'Riki',50,8,26,18,1,12),
(76,'Rubick',50,23,28,5,3,2),
(77,'Sand King',46,18,32,14,3,7),
(78,'Shadow Demon',50,17,39,19,7,16),
(79,'Shadiw Fiend',51,9,18,8,0,0),
(80,'Shadow Shaman',46,2,36,0,0,0),
(81,'Silencer',51,7,12,5,0,1),
(82,'Skywrath Mage',48,3,3,1,0,0),
(83,'Sladar',52,31,60,1,9,21),
(84,'Slark',45,13,31,18,0,0),
(85,'Sniper',50,4,11,6,0,0),
(86,'Spectre',47,3,6,3,0,0),
(87,'Spirit Breaker',53,4,6,2,0,0),
(88,'Storm Spirit',48,9,21,12,0,0),
(89,'Sven',52,10,19,10,0,0),
(90,'Techies',0,0,0,0,0,0),
(91,'Templar Assassin',54,8,16,8,0,0),
(92,'Terrorblade',55,2,12,13,0,3),
(93,'Tidehunter',50,10,18,8,0,2),
(94,'Timbersaw',48,18,36,18,1,5),
(95,'Tinker',46,9,28,19,0,2),
(96,'Tiny',45,3,5,2,0,0),
(97,'Treant Protector',52,2,3,11,0,1),
(98,'Troll Warlord',48,3,4,2,0,0),
(99,'Tusk',42,4,5,1,0,0),
(100,'Underlord',47,3,9,6,1,5),
(101,'Undying',53,6,10,4,0,1),
(102,'Ursa',53,9,15,10,0,1),
(103,'Vengeful Spirit',50,21,28,7,2,1),
(104,'Venomancer',52,3,5,2,0,1),
(105,'Viper',46,3,6,4,0,0),
(106,'Visage',46,2,2,1,0,0),
(107,'Warlock',52,11,17,6,2,3),
(108,'Weaver',50,13,24,11,1,3),
(109,'Windrager',43,3,4,2,0,0),
(110,'Winter Wyvern',49,5,8,3,0,0),
(111,'Witch Doctor',47,15,19,4,0,0),
(112,'Wraith King',54,2,2,1,0,0),
(113,'Zeus',47,1,2,1,0,0);

INSERT INTO Continent(IDContinent,ContinentName)
VALUES
(1,'Sea & Oceania'),
(2,'Europe &CIS'),
(3,'Europe &CIS'),
(4,'China');

INSERT INTO Continentteam(IDTeam,IDContinent)
VALUES
(01,01),
(02,01),
(03,01),
(04,01),
(05,01),
(06,01),
(07,01),
(08,01),
(09,01),
(10,01),
(11,02),
(12,02),
(13,02),
(14,02),
(15,02),
(16,02),
(17,02),
(18,02),
(19,02),
(20,02),
(21,03),
(22,03),
(23,03),
(24,03),
(25,03),
(26,03),
(27,03),
(28,03),
(29,03),
(30,03),
(31,04),
(32,04),
(33,04),
(34,04),
(35,04),
(36,04),
(37,04),
(38,04),
(39,04),
(40,04);

INSERT INTO Continentplayer(IDPlayer,IDContinent)
VALUES
(1,01),
(2,01),
(3,01),
(4,01),
(5,01),
(6,01),
(7,01),
(8,01),
(9,01),
(10,01),
(11,01),
(12,01),
(13,01),
(14,01),
(15,01),
(16,01),
(17,01),
(18,01),
(19,01),
(20,01),
(21,01),
(22,01),
(23,01),
(24,01),
(25,01),
(26,01),
(27,01),
(28,01),
(29,01),
(30,01),
(31,01),
(32,01),
(33,01),
(34,01),
(35,01),
(36,01),
(37,01),
(38,01),
(39,01),
(40,01),
(41,01),
(42,01),
(43,01),
(44,01),
(45,01),
(46,01),
(47,01),
(48,01),
(49,01),
(50,01),
(51,02),
(52,02),
(53,02),
(54,02),
(55,02),
(56,02),
(57,02),
(58,02),
(59,02),
(60,02),
(61,02),
(62,02),
(63,02),
(64,02),
(65,02),
(66,02),
(67,02),
(68,02),
(69,02),
(70,02),
(71,02),
(72,02),
(73,02),
(74,02),
(75,02),
(76,02),
(77,02),
(78,02),
(79,02),
(80,02),
(81,02),
(82,02),
(83,02),
(84,02),
(85,02),
(86,02),
(87,02),
(88,02),
(89,02),
(90,02),
(91,02),
(92,02),
(93,02),
(94,02),
(95,02),
(96,02),
(97,02),
(98,02),
(99,02),
(100,02),
(101,03),
(102,03),
(103,03),
(104,03),
(105,03),
(106,03),
(107,03),
(108,03),
(109,03),
(110,03),
(111,03),
(112,03),
(113,03),
(114,03),
(115,03),
(116,03),
(117,03),
(118,03),
(119,03),
(120,03),
(121,03),
(122,03),
(123,03),
(124,03),
(125,03),
(126,03),
(127,03),
(128,03),
(129,03),
(130,03),
(131,03),
(132,03),
(133,03),
(134,03),
(135,03),
(136,03),
(137,03),
(138,03),
(139,03),
(140,03),
(141,03),
(142,03),
(143,03),
(144,03),
(145,03),
(146,03),
(147,04),
(148,04),
(149,04),
(150,04),
(151,04),
(152,04),
(153,04),
(154,04),
(155,04),
(156,04),
(157,04),
(158,04),
(159,04),
(160,04),
(161,04),
(162,04),
(163,04),
(164,04),
(165,04),
(166,04),
(167,04),
(168,04),
(169,04),
(170,04),
(171,04),
(172,04),
(173,04),
(174,04),
(175,04),
(176,04),
(177,04),
(178,04),
(179,04),
(180,04),
(181,04),
(182,04),
(183,04),
(184,04),
(185,04),
(186,04),
(187,04),
(188,04),
(189,04),
(190,04),
(191,04),
(192,04),
(193,04),
(194,04),
(195,04),
(196,04),
(197,04);

INSERT INTO TeamMember(IDTeam,IDPlayer)
VALUES
(1,1),
(1,2),
(1,3),
(1,4),
(1,5),
(2,6),
(2,7),
(2,8),
(2,9),
(2,10),
(3,11),
(3,12),
(3,13),
(3,14),
(3,15),
(4,16),
(4,17),
(4,18),
(4,19),
(4,20),
(5,21),
(5,22),
(5,23),
(5,24),
(5,25),
(6,26),
(6,27),
(6,28),
(6,29),
(6,30),
(7,31),
(7,32),
(7,33),
(7,34),
(7,35),
(8,36),
(8,37),
(8,38),
(8,39),
(8,40),
(9,41),
(9,42),
(9,43),
(9,44),
(9,45),
(10,46),
(10,47),
(10,48),
(10,49),
(10,50),
(11,51),
(11,52),
(11,53),
(11,54),
(11,55),
(12,56),
(12,57),
(12,58),
(12,59),
(12,60),
(13,61),
(13,62),
(13,63),
(13,64),
(13,65),
(14,66),
(14,67),
(14,68),
(14,69),
(14,70),
(15,71),
(15,72),
(15,73),
(15,74),
(15,75),
(16,76),
(16,77),
(16,78),
(16,79),
(16,80),
(17,81),
(17,82),
(17,83),
(17,84),
(17,85),
(18,86),
(18,87),
(18,88),
(18,89),
(18,90),
(19,91),
(19,92),
(19,93),
(19,94),
(19,95),
(20,96),
(20,97),
(20,98),
(20,99),
(20,100),
(21,101),
(21,102),
(21,103),
(21,104),
(21,105),
(22,106),
(22,107),
(22,108),
(22,109),
(22,110),
(23,111),
(23,112),
(23,113),
(24,114),
(24,115),
(24,116),
(24,117),
(24,118),
(25,119),
(25,120),
(25,121),
(25,122),
(25,123),
(26,124),
(26,125),
(26,126),
(26,127),
(26,128),
(27,129),
(27,130),
(27,131),
(27,132),
(27,133),
(28,134),
(28,135),
(28,136),
(28,137),
(28,138),
(29,139),
(29,140),
(29,141),
(29,142),
(29,143),
(30,144),
(30,145),
(30,146),
(30,147),
(31,148),
(31,149),
(31,150),
(31,151),
(31,152),
(32,153),
(32,154),
(32,155),
(32,156),
(32,157),
(33,158),
(33,159),
(33,160),
(33,161),
(33,162),
(34,163),
(34,164),
(34,165),
(34,166),
(34,167),
(35,168),
(35,169),
(35,170),
(35,171),
(35,172),
(36,173),
(36,174),
(36,175),
(36,176),
(36,177),
(37,178),
(37,179),
(37,180),
(37,181),
(37,182),
(38,183),
(38,184),
(38,185),
(38,186),
(38,187),
(39,188),
(39,189),
(39,190),
(39,191),
(39,192),
(40,193),
(40,194),
(40,195),
(40,196),
(40,197);
>>>>>>> 65c071a173762d100e54280ad7a1452d6b73ee4b
